(no author) = (no author) <no-author@no-email.com>
adam_lein = Adam Lein <adam_lein@users.sourceforge.net>
ahoward = ahoward <ahoward@users.sourceforge.net>
alexcb = Alex Couture-Beil <alexcb@users.sourceforge.net>
asadat = Abbas Sadat <asadat@users.sourceforge.net>
boyoon = Boyoon Jung <boyoon@users.sourceforge.net>
bradkratochvil = bradkratochvil <bradkratochvil@users.sourceforge.net>
cvjones = Chris Jones <cvjones@users.sourceforge.net>
dfseifer = David Feil-Seifer <dfseifer@users.sourceforge.net>
esben = esben <esben@users.sourceforge.net>
etopiei = etopiei <etopiei@users.sourceforge.net>
gbiggs = G Biggs <gbiggs@users.sourceforge.net>
gerkey = Brian Gerkey <gerkey@users.sourceforge.net>
gsibley = Gabe Sibley <gsibley@users.sourceforge.net>
hsujohnhsu = John Hsu <hsujohnhsu@users.sourceforge.net>
inspectorg = Andrew Howard <inspectorg@users.sourceforge.net>
jazzfunk = John Sweeney <jazzfunk@users.sourceforge.net>
jbers = jbers <jbers@users.sourceforge.net>
jeremy_asher = Jeremy Asher <jeremy_asher@users.sourceforge.net>
jpgr87 = Rich Mattes <jpgr87@users.sourceforge.net>
kkonolige = konolige <kkonolige@users.sourceforge.net>
morisset = morisset <morisset@users.sourceforge.net>
nam1 = Nik Melchior <nam1@users.sourceforge.net>
natepak = Nathan Koenig <natepak@users.sourceforge.net>
pbastani = pbastani <pbastani@users.sourceforge.net>
pooya = Pooya Karimian <pooya@users.sourceforge.net>
pranav2710 = pranav2710 <pranav2710@users.sourceforge.net>
reed = Reed Hedges <reed@users.sourceforge.net>
robotos = Jordi Polo <robotos@users.sourceforge.net>
rtv = Richard Vaughan <rtv@users.sourceforge.net>
section314 = Ben Grocholsky <section314@users.sourceforge.net>
thjc = Toby Collett <thjc@users.sourceforge.net>
uid70980 = uid70980 <uid70980@users.sourceforge.net>
vaughan = vaughan <vaughan@users.sourceforge.net>
veedee = Radu Bogdan Rusu <veedee@users.sourceforge.net>
